{
  "project_info": {
    "project_number": "1037925543370",
    "firebase_url": "https://royal-bets.firebaseio.com",
    "project_id": "royal-bets",
    "storage_bucket": "royal-bets.appspot.com"
  },
  "client": [
    {
      "client_info": {
        "mobilesdk_app_id": "1:1037925543370:android:30ab2e35851d955c4d3333",
        "android_client_info": {
          "package_name": "dvlp.lamseybets"
        }
      },
      "oauth_client": [
        {
          "client_id": "1037925543370-22f1pis2ggmjf0ofgrqcdk6n9du85vuj.apps.googleusercontent.com",
          "client_type": 1,
          "android_info": {
            "package_name": "dvlp.lamseybets",
            "certificate_hash": "015fc2624c00e8734c6c0d62d68dfd2db24960a2"
          }
        },
        {
          "client_id": "1037925543370-vj1ijjmdqugf9195lolousvkeq0albvn.apps.googleusercontent.com",
          "client_type": 3
        }
      ],
      "api_key": [
        {
          "current_key": "AIzaSyBrZp-gBDfz9vEBP-a6B2ytPlcBAX1t8j8"
        }
      ],
      "services": {
        "appinvite_service": {
          "other_platform_oauth_client": [
            {
              "client_id": "1037925543370-vj1ijjmdqugf9195lolousvkeq0albvn.apps.googleusercontent.com",
              "client_type": 3
            }
          ]
        }
      }
    }
  ],
  "configuration_version": "1"
}